Workbook

Sheet How to use
A1: Makers Memo
A2: Diagnostic workbook — hideaway.
A4: What this is | B4: A diagnostic assessing where someone is in their maker journey across three stages: Download, Idea, Creation. 36 questions, bespoke 4-option ladders, weighted scoring, pattern detection, and item-level routing to hideaway. resources.
A5: What it is not | B5: A personality quiz. No archetypes. No vibes. Respondents never see scores during the diagnostic.
A6: How to test it | B6: Open the Question bank sheet. Pick a response (1–4) in column N for each question. Scores flow to Scoring, Patterns, and Makers Memo.
A7: Sheets in order | B7: 1. How to use — this page. 2. Scale & domains — what each stage measures. 3. Question bank — the 36 questions with bespoke options. 4. Scoring — subdomain, stage, and overall calculations. 5. Patterns — 8 named patterns with detection rules. 6. Resource routing — item-level routing map to hideaway. resources. 7. Makers Memo — the output document.
A8: Frameworks behind it | B8: Dreyfus skill acquisition model — shapes the 4-option progression in every question. COM-B behaviour model (Michie) — every question tagged Capability, Opportunity, or Motivation for routing logic. Double Diamond — subdomains marked divergent or convergent. Ahrens/Zettelkasten — shapes Download behavioural granularity. Zimmerman self-regulated learning — shapes Iteration subdomain and retake framing. None of these are named to the respondent. They sit behind the diagnostic as internal scaffolding.
A9: Weighting | B9: Each subdomain has 3 questions. Within the subdomain: reflective opener at 0.8, standard direct at 1.0, most diagnostic at 1.2. Subdomain weight totals 3.0. Stage weights: 0.33 Download, 0.33 Idea, 0.34 Creation.
A10: Retake mechanic | B10: Subdomain granularity is the point. When a respondent retakes in 3–6 months, compare subdomain scores — not just stage. Behavioural phrasing ("how often you actually...") is used deliberately so the instrument can detect real change rather than mood or self-concept.

Sheet Scale & domains
A1: Scale & domains
A3: Response scale
A4: Score | B4: What it means
A5: 1 | B5: Not true of me yet — or I don't recognise this behaviour in my practice
A6: 2 | B6: Early — it's starting to happen but inconsistently
A7: 3 | B7: Working — it happens often enough to be reliable
A8: 4 | B8: Established — it's part of how I work, on purpose
A11: Stages
A12: Stage | B12: Weight | C12: Questions | D12: Purpose | E12: Low score | F12: High score | G12: Shape
A13: Download | B13: 0.33 | C13: 12 | D13: Capturing, noticing, organising, selecting raw material | E13: Inputs get lost, buried, or never revisited | F13: Useful material is captured and easy to return to | G13: Diverge → Converge
A14: Idea | B14: 0.33 | C14: 12 | D14: Shaping, testing, clarifying, deciding what to build | E14: Concepts stay vague or drift | F14: Ideas become specific enough to judge and choose | G14: Diverge → Converge
A15: Creation | B15: 0.34 | C15: 12 | D15: Building, finishing, releasing, iterating | E15: Work starts but rarely becomes useful output | F15: Ideas become things and keep improving | G15: Diverge → Converge
A18: Subdomains
A19: Stage | B19: Subdomain | C19: Divergent / Convergent | D19: Questions
A20: Download | B20: Capture habit | C20: Divergent | D20: D01, D02, D03
A21: Download | B21: Pattern awareness | C21: Divergent | D21: D04, D05, D06
A22: Download | B22: Organisation | C22: Convergent | D22: D07, D08, D09
A23: Download | B23: Selection | C23: Convergent | D23: D10, D11, D12
A24: Idea | B24: Concept formation | C24: Divergent | D24: I01, I02, I03
A25: Idea | B25: Pressure testing | C25: Divergent | D25: I04, I05, I06
A26: Idea | B26: Purpose clarity | C26: Convergent | D26: I07, I08, I09
A27: Idea | B27: Decision making | C27: Convergent | D27: I10, I11, I12
A28: Creation | B28: Translation into action | C28: Divergent | D28: C01, C02, C03
A29: Creation | B29: Tool fluency | C29: Divergent | D29: C04, C05, C06
A30: Creation | B30: Completion and release | C30: Convergent | D30: C07, C08, C09
A31: Creation | B31: Iteration | C31: Convergent | D31: C10, C11, C12

Sheet Question bank
A1: Question bank
A2: Enter response 1–4 in column N. Weighted score in column O calculates automatically.
A4: Q# | B4: Stage | C4: Subdomain | D4: Type | E4: COM-B | F4: Weight | G4: Stem | H4: Option 1 (score 1) | I4: Option 2 (score 2) | J4: Option 3 (score 3) | K4: Option 4 (score 4) | L4: Resource tag | N4: Response | O4: Weighted score
A5: D01 | B5: Download | C5: Capture habit | D5: Reflective | E5: Capability | F5: 0.8 | G5: Think about the last time a useful idea showed up — in conversation, reading, on a walk. What happened to it? | H5: It came and went; I didn't catch it | I5: I remembered roughly what it was but not the specifics | J5: I captured the gist somewhere but it's probably lost its edge | K5: I captured it cleanly, in a form I can still return to and understand | L5: capture-101 | O5: =IF(N5="","",N5*F5)
A6: D02 | B6: Download | C6: Capture habit | D6: Direct | E6: Opportunity | F6: 1 | G6: Where raw ideas actually go when you have them. | H6: There's no real place — they stay in my head or get lost | I6: They land in several scattered places I rarely consolidate | J6: They mostly go to one place, though sometimes I default to another | K6: One dependable place I trust to find them in again | L6: capture-system | O6: =IF(N6="","",N6*F6)
A7: D03 | B7: Download | C7: Capture habit | D7: Direct | E7: Motivation | F7: 1.2 | G7: When something worth capturing slips past you, the usual reason is: | H7: I didn't notice it was worth capturing until later | I7: I noticed but told myself I'd remember — and didn't | J7: I noticed but capturing in the moment felt like too much friction | K7: This doesn't really happen; capture is a reflex now | L7: capture-practice | O7: =IF(N7="","",N7*F7)
A8: D04 | B8: Download | C8: Pattern awareness | D8: Reflective | E8: Capability | F8: 0.8 | G8: Looking across what you've captured recently — notes, voice memos, fragments: | H8: I can't really look; it's too scattered or I haven't opened it | I8: I can see it but it's a jumble; nothing stands out as connected | J8: I can spot a few themes when I look carefully | K8: I can name the threads that keep appearing and point to where | L8: pattern-spotting | O8: =IF(N8="","",N8*F8)
A9: D05 | B9: Download | C9: Pattern awareness | D9: Direct | E9: Opportunity | F9: 1 | G9: How often you actually revisit what you've captured. | H9: Almost never — things go in and stay there | I9: Only when I'm looking for something specific | J9: Occasionally, without a real rhythm | K9: On a regular rhythm I return to — weekly or similar | L9: review-rhythm | O9: =IF(N9="","",N9*F9)
A10: D06 | B10: Download | C10: Pattern awareness | D10: Direct | E10: Motivation | F10: 1.2 | G10: When you spot the same idea appearing in several of your notes: | H10: I leave it alone — it feels like extra work | I10: I notice it but don't do anything with it | J10: I sometimes pull the threads together when the mood strikes | K10: I treat it as a signal worth working on and refine it into something new | L10: synthesis-practice | O10: =IF(N10="","",N10*F10)
A11: D07 | B11: Download | C11: Organisation | D11: Reflective | E11: Opportunity | F11: 0.8 | G11: When you go looking for something you captured three months ago: | H11: I usually can't find it — or don't bother trying | I11: I can sometimes find it if I remember roughly where I put it | J11: I can find it, though it takes some digging | K11: I can find it in under a minute because my system supports it | L11: findability | O11: =IF(N11="","",N11*F11)
A12: D08 | B12: Download | C12: Organisation | D12: Direct | E12: Capability | F12: 1 | G12: The way your captured material is grouped or tagged. | H12: It isn't — everything sits in one undifferentiated pile | I12: Some of it is grouped loosely but inconsistently | J12: Most of it is grouped in a way that mostly works | K12: Grouped deliberately, in a way that makes retrieval and connection easier | L12: grouping-taxonomy | O12: =IF(N12="","",N12*F12)
A13: D09 | B13: Download | C13: Organisation | D13: Direct | E13: Motivation | F13: 1.2 | G13: Your relationship to your capture system right now. | H13: It feels chaotic and I avoid looking at it | I13: It's functional but I'm aware it's drifting | J13: It works well enough that I keep using it | K13: I actively maintain it because I know its value compounds | L13: system-maintenance | O13: =IF(N13="","",N13*F13)
A14: D10 | B14: Download | C14: Selection | D14: Reflective | E14: Capability | F14: 0.8 | G14: When you look at a month of captured ideas and have to choose which deserves real work: | H14: I can't tell which matter most; they all feel equivalent | I14: I pick based on what excites me most in that moment | J14: I can usually identify two or three with more weight than the others | K14: I can name why each promising one is promising, and why the others aren't | L14: selection-criteria | O14: =IF(N14="","",N14*F14)
A15: D11 | B15: Download | C15: Selection | D15: Direct | E15: Motivation | F15: 1 | G15: The gap between what you've captured and what you've actually pursued. | H15: Vast — collection is easier than pursuit, and I feel the weight of it | I15: Large — I have a backlog of ideas I've never touched again | J15: Moderate — I pursue some, let most rest | K15: Deliberate — I let ideas rest on purpose, and return to some with clearer intent | L15: backlog-management | O15: =IF(N15="","",N15*F15)
A16: D12 | B16: Download | C16: Selection | D16: Direct | E16: Opportunity | F16: 1.2 | G16: The way you move from many captured ideas to the one that gets worked on. | H16: No process — I pick whatever's loudest on the day | I16: I pick but often regret the pick later | J16: I have a rough way of working through candidates | K16: I have a method I trust, and I use it regularly | L16: selection-method | O16: =IF(N16="","",N16*F16)
... A40: C12 | B40: Creation | C40: Iteration | D40: Direct | E40: Motivation | F40: 1.2 | G40: Keeping momentum after the first release. | H40: I rarely come back; the energy dissipates | I40: I come back if something pulls me — feedback, external need | J40: I plan the return before releasing, so momentum carries | K40: Release is mid-cycle, not the end; momentum is built in | L40: sustained-momentum | O40: =IF(N40="","",N40*F40)

Sheet Scoring
A1: Scoring
A2: Subdomain, stage, and overall scores. All formulas auto-calculate from the Question bank sheet.
A4: Subdomain scores
A5: Stage | B5: Subdomain | C5: Questions | D5: Sum of weights | E5: Max possible | F5: Sum of weighted scores | G5: Score (0–100)
A6: Download | B6: Capture habit | C6: D01, D02, D03 | D6: ='Question bank'!F5+'Question bank'!F6+'Question bank'!F7 -> 3 | E6: =D6*4 -> 12 | F6: =IFERROR(VALUE('Question bank'!O5),0)+IFERROR(VALUE('Question bank'!O6),0)+IFERROR(VALUE('Question bank'!O7),0) -> 0 | G6: =IF(('Question bank'!N5<>"")*('Question bank'!N6<>"")*('Question bank'!N7<>"")=1,ROUND(F6/E6*100,0),"")
A7: Download | B7: Pattern awareness | C7: D04, D05, D06 | D7: ='Question bank'!F8+'Question bank'!F9+'Question bank'!F10 -> 3 | E7: =D7*4 -> 12 | F7: =IFERROR(VALUE('Question bank'!O8),0)+IFERROR(VALUE('Question bank'!O9),0)+IFERROR(VALUE('Question bank'!O10),0) -> 0 | G7: =IF(('Question bank'!N8<>"")*('Question bank'!N9<>"")*('Question bank'!N10<>"")=1,ROUND(F7/E7*100,0),"")
A8: Download | B8: Organisation | C8: D07, D08, D09 | D8: ='Question bank'!F11+'Question bank'!F12+'Question bank'!F13 -> 3 | E8: =D8*4 -> 12 | F8: =IFERROR(VALUE('Question bank'!O11),0)+IFERROR(VALUE('Question bank'!O12),0)+IFERROR(VALUE('Question bank'!O13),0) -> 0 | G8: =IF(('Question bank'!N11<>"")*('Question bank'!N12<>"")*('Question bank'!N13<>"")=1,ROUND(F8/E8*100,0),"")
A9: Download | B9: Selection | C9: D10, D11, D12 | D9: ='Question bank'!F14+'Question bank'!F15+'Question bank'!F16 -> 3 | E9: =D9*4 -> 12 | F9: =IFERROR(VALUE('Question bank'!O14),0)+IFERROR(VALUE('Question bank'!O15),0)+IFERROR(VALUE('Question bank'!O16),0) -> 0 | G9: =IF(('Question bank'!N14<>"")*('Question bank'!N15<>"")*('Question bank'!N16<>"")=1,ROUND(F9/E9*100,0),"")
A10: Idea | B10: Concept formation | C10: I01, I02, I03 | D10: ='Question bank'!F17+'Question bank'!F18+'Question bank'!F19 -> 3 | E10: =D10*4 -> 12 | F10: =IFERROR(VALUE('Question bank'!O17),0)+IFERROR(VALUE('Question bank'!O18),0)+IFERROR(VALUE('Question bank'!O19),0) -> 0 | G10: =IF(('Question bank'!N17<>"")*('Question bank'!N18<>"")*('Question bank'!N19<>"")=1,ROUND(F10/E10*100,0),"")
A11: Idea | B11: Pressure testing | C11: I04, I05, I06 | D11: ='Question bank'!F20+'Question bank'!F21+'Question bank'!F22 -> 3 | E11: =D11*4 -> 12 | F11: =IFERROR(VALUE('Question bank'!O20),0)+IFERROR(VALUE('Question bank'!O21),0)+IFERROR(VALUE('Question bank'!O22),0) -> 0 | G11: =IF(('Question bank'!N20<>"")*('Question bank'!N21<>"")*('Question bank'!N22<>"")=1,ROUND(F11/E11*100,0),"")
A12: Idea | B12: Purpose clarity | C12: I07, I08, I09 | D12: ='Question bank'!F23+'Question bank'!F24+'Question bank'!F25 -> 3 | E12: =D12*4 -> 12 | F12: =IFERROR(VALUE('Question bank'!O23),0)+IFERROR(VALUE('Question bank'!O24),0)+IFERROR(VALUE('Question bank'!O25),0) -> 0 | G12: =IF(('Question bank'!N23<>"")*('Question bank'!N24<>"")*('Question bank'!N25<>"")=1,ROUND(F12/E12*100,0),"")
A13: Idea | B13: Decision making | C13: I10, I11, I12 | D13: ='Question bank'!F26+'Question bank'!F27+'Question bank'!F28 -> 3 | E13: =D13*4 -> 12 | F13: =IFERROR(VALUE('Question bank'!O26),0)+IFERROR(VALUE('Question bank'!O27),0)+IFERROR(VALUE('Question bank'!O28),0) -> 0 | G13: =IF(('Question bank'!N26<>"")*('Question bank'!N27<>"")*('Question bank'!N28<>"")=1,ROUND(F13/E13*100,0),"")
A14: Creation | B14: Translation into action | C14: C01, C02, C03 | D14: ='Question bank'!F29+'Question bank'!F30+'Question bank'!F31 -> 3 | E14: =D14*4 -> 12 | F14: =IFERROR(VALUE('Question bank'!O29),0)+IFERROR(VALUE('Question bank'!O30),0)+IFERROR(VALUE('Question bank'!O31),0) -> 0 | G14: =IF(('Question bank'!N29<>"")*('Question bank'!N30<>"")*('Question bank'!N31<>"")=1,ROUND(F14/E14*100,0),"")
A15: Creation | B15: Tool fluency | C15: C04, C05, C06 | D15: ='Question bank'!F32+'Question bank'!F33+'Question bank'!F34 -> 3 | E15: =D15*4 -> 12 | F15: =IFERROR(VALUE('Question bank'!O32),0)+IFERROR(VALUE('Question bank'!O33),0)+IFERROR(VALUE('Question bank'!O34),0) -> 0 | G15: =IF(('Question bank'!N32<>"")*('Question bank'!N33<>"")*('Question bank'!N34<>"")=1,ROUND(F15/E15*100,0),"")
A16: Creation | B16: Completion and release | C16: C07, C08, C09 | D16: ='Question bank'!F35+'Question bank'!F36+'Question bank'!F37 -> 3 | E16: =D16*4 -> 12 | F16: =IFERROR(VALUE('Question bank'!O35),0)+IFERROR(VALUE('Question bank'!O36),0)+IFERROR(VALUE('Question bank'!O37),0) -> 0 | G16: =IF(('Question bank'!N35<>"")*('Question bank'!N36<>"")*('Question bank'!N37<>"")=1,ROUND(F16/E16*100,0),"")
A17: Creation | B17: Iteration | C17: C10, C11, C12 | D17: ='Question bank'!F38+'Question bank'!F39+'Question bank'!F40 -> 3 | E17: =D17*4 -> 12 | F17: =IFERROR(VALUE('Question bank'!O38),0)+IFERROR(VALUE('Question bank'!O39),0)+IFERROR(VALUE('Question bank'!O40),0) -> 0 | G17: =IF(('Question bank'!N38<>"")*('Question bank'!N39<>"")*('Question bank'!N40<>"")=1,ROUND(F17/E17*100,0),"")
A20: Stage scores
A21: Stage | B21: Subdomain scores | C21: Stage score (0–100) | D21: Stage weight | E21: Weighted contribution
A22: Download | B22: G6:G9 | C22: =IF(COUNT(G6:G9)=4,ROUND(AVERAGE(G6:G9),0),"") | D22: 0.33 | E22: =IF(C22="","",ROUND(C22*D22,1))
A23: Idea | B23: G10:G13 | C23: =IF(COUNT(G10:G13)=4,ROUND(AVERAGE(G10:G13),0),"") | D23: 0.33 | E23: =IF(C23="","",ROUND(C23*D23,1))
A24: Creation | B24: G14:G17 | C24: =IF(COUNT(G14:G17)=4,ROUND(AVERAGE(G14:G17),0),"") | D24: 0.34 | E24: =IF(C24="","",ROUND(C24*D24,1))
A26: Overall score (0–100) | C26: Band
A27: =IF(COUNT(E22:E24)=3,ROUND(SUM(E22:E24),0),"Incomplete") -> Incomplete | C27: =IF(A27="Incomplete","Complete the diagnostic",IF(A27<40,"Getting started",IF(A27<60,"Developing",IF(A27<80,"Working practice","Established practice")))) -> Complete the diagnostic

Sheet Patterns
A1: Patterns
A2: 8 patterns detected from stage scores. Decision tree runs top-down; first matching rule wins.
A4: Pattern | B4: Detection rule | C4: What it means | D4: Best next move
A5: Even Maker | B5: H - L <= 15 | C5: Your stages are in balance. No single area is dominant and no single area is holding you back. This is the profile of a maker whose practice is coherent across capture, thinking, and making. | D5: Use the Memo to pick the subdomain with the lowest score and sharpen that one area without disrupting the rest.
A6: The Collector | B6: Download leads by 12+ over median AND 18+ over lowest | C6: You capture and notice more than most. The raw material is there. The gap is what happens after capture — shaping ideas and making things tends to trail what you've gathered. | D6: Move one captured idea all the way through Idea and Creation this month. Not several — one. Prove the pipeline works end to end.
A7: The Thinker | B7: Idea leads by 12+ over median AND 18+ over lowest | C7: You develop and pressure-test ideas further than most people will. The thinking is strong. The gap is what feeds the thinking (capture) and what happens after it (making). | D7: Pick a current idea and set a hard build date. Stop refining the thinking and start exposing the idea to the real work of making it.
A8: The Builder | B8: Creation leads by 12+ over median AND 18+ over lowest | C8: You make things. You finish and release where others stall. The risk is that you're building on thin material — not enough capture feeding in, not enough testing of whether the idea is right before you commit. | D8: Before the next build, spend a week in Download and Idea only. Capture widely. Pressure-test the next idea properly. Your building skill deserves better input.
A9: Stuck Upstream | B9: Creation < 50 AND (Download + Idea) / 2 >= 60 | C9: Your capture and thinking are working. Your making is not. Ideas stay ideas. This is the most common maker pattern and also the most fixable — the gap is almost always about first-step-size, not ability. | D9: Pick the smallest possible first version of one idea and release it this week. The goal is to move through Creation once, badly, rather than think your way to a perfect version.
A10: Stuck Midstream | B10: Idea < 50 AND Download >= 55 AND Creation >= 55 | C10: You capture and you build — but the middle is skipped. This often produces work that starts well and then stops making sense, because the thinking wasn't done before the making began. | D10: Before your next build, write a concept note that answers three questions: what is this, who is it for, and what's the real problem underneath it. Then check whether the build still makes sense.
A11: Rushed Maker | B11: Download < 50 AND Idea >= 55 AND Creation >= 55 | C11: You think and you make. What you're missing is raw material. When Download is low, every new idea has to come from somewhere else — usually your own head, under pressure. | D11: Set up one capture channel this week and use it for fifteen days. Don't organise. Don't synthesise. Just catch what you notice. The input will change what you can make.
A12: Developing Maker | B12: Fallback — uneven profile that doesn't fit a named pattern | C12: Your profile is uneven but not sharply — you have real strengths and real gaps, but none dominant enough to name a single pattern. This is a common phase for someone whose practice is actively shifting. | D12: Read the subdomain scores rather than the stage scores. Your actual next move sits at subdomain level, not stage level.
A15: Decision tree (applied in order)
A16: 1. If H - L ≤ 15 → Even Maker
A17: 2. Else if H - M ≥ 12 AND H - L ≥ 18 → one of The Collector / The Thinker / The Builder (based on which stage is H)
A18: 3. Else if L < 50 AND (H + M)/2 ≥ 60 → one of Stuck Upstream / Stuck Midstream / Rushed Maker (based on which stage is L)
A19: 4. Else → Developing Maker (fallback)
A21: Where H = highest stage score, M = median stage score, L = lowest stage score.

Sheet Resource routing
A1: Resource routing
A2: Item-level routing. Low scores on each question route to a specific resource tag, coloured by COM-B type.
A3: Capability = skill or knowledge gap → how-to guides, frameworks, walkthroughs. Opportunity = environment or system gap → templates, tools, prompt packs. Motivation = drive or valuing gap → reflections, reframes, essays.
A5: Q# | B5: Stage | C5: Subdomain | D5: COM-B | E5: Resource tag | F5: Resource type needed | G5: Notes for hideaway. resource build
A6: D01 | B6: Download | C6: Capture habit | D6: Capability | E6: capture-101 | F6: Build a how-to, walkthrough, or framework. User needs knowledge or skill scaffolding.
A7: D02 | B7: Download | C7: Capture habit | D7: Opportunity | E7: capture-system | F7: Build a template, prompt pack, tool, or system. User needs infrastructure in place.
A8: D03 | B8: Download | C8: Capture habit | D8: Motivation | E8: capture-practice | F8: Build a reflection, reframe, or short essay. User needs a shift in how they relate to the behaviour.
A9: D04 | B9: Download | C9: Pattern awareness | D9: Capability | E9: pattern-spotting | F9: Build a how-to, walkthrough, or framework. User needs knowledge or skill scaffolding.
A10: D05 | B10: Download | C10: Pattern awareness | D10: Opportunity | E10: review-rhythm | F10: Build a template, prompt pack, tool, or system. User needs infrastructure in place.
A11: D06 | B11: Download | C11: Pattern awareness | D11: Motivation | E11: synthesis-practice | F11: Build a reflection, reframe, or short essay. User needs a shift in how they relate to the behaviour.
A12: D07 | B12: Download | C12: Organisation | D12: Opportunity | E12: findability | F12: Build a template, prompt pack, tool, or system. User needs infrastructure in place.
A13: D08 | B13: Download | C13: Organisation | D13: Capability | E13: grouping-taxonomy | F13: Build a how-to, walkthrough, or framework. User needs knowledge or skill scaffolding.
A14: D09 | B14: Download | C14: Organisation | D14: Motivation | E14: system-maintenance | F14: Build a reflection, reframe, or short essay. User needs a shift in how they relate to the behaviour.
A15: D10 | B15: Download | C15: Selection | D15: Capability | E15: selection-criteria | F15: Build a how-to, walkthrough, or framework. User needs knowledge or skill scaffolding.
A16: D11 | B16: Download | C16: Selection | D16: Motivation | E16: backlog-management | F16: Build a reflection, reframe, or short essay. User needs a shift in how they relate to the behaviour.
A17: D12 | B17: Download | C17: Selection | D17: Opportunity | E17: selection-method | F17: Build a template, prompt pack, tool, or system. User needs infrastructure in place.
... A41: C12 | B41: Creation | C41: Iteration | D41: Motivation | E41: sustained-momentum | F41: Build a reflection, reframe, or short essay. User needs a shift in how they relate to the behaviour.

Sheet Makers Memo
A1: Makers Memo
A2: The output document. This is a working draft — the real version lives on the web / as a PDF.
A4: Overall score | B4: Band | C4: Pattern | G4: Pattern | H4: Meaning | I4: Best next move
A5: =Scoring!A27 -> Incomplete | B5: =Scoring!C27 -> Complete the diagnostic | C5: =IF(OR(Scoring!C22="",Scoring!C23="",Scoring!C24=""),"Incomplete",IF((MAX(Scoring!C22,Scoring!C23,Scoring!C24) - MIN(Scoring!C22,Scoring!C23,Scoring!C24)) <= 15,"Even Maker",IF(AND((MAX(Scoring!C22,Scoring!C23,Scoring!C24) - MEDIAN(Scoring!C22,Scoring!C23,Scoring!C24)) >= 12, (MAX(Scoring!C22,Scoring!C23,Scoring!C24) - MIN(Scoring!C22,Scoring!C23,Scoring!C24)) >= 18),IF(Scoring!C22=MAX(Scoring!C22,Scoring!C23,Scoring!C24),"The Collector",IF(Scoring!C23=MAX(Scoring!C22,Scoring!C23,Scoring!C24),"The Thinker","The Builder")),IF(AND(MIN(Scoring!C22,Scoring!C23,Scoring!C24) < 50, (LARGE((Scoring!C22~Scoring!C23~Scoring!C24),1) + LARGE((Scoring!C22~Scoring!C23~Scoring!C24),2))/2 >= 60),IF(Scoring!C24=MIN(Scoring!C22,Scoring!C23,Scoring!C24),"Stuck Upstream",IF(Scoring!C23=MIN(Scoring!C22,Scoring!C23,Scoring!C24),"Stuck Midstream","Rushed Maker")),"Developing Maker")))) -> #ERROR! | G5: Even Maker | H5: Your stages are in balance. No single area is dominant and no single area is holding you back. This is the profile of a maker whose practice is coherent across capture, thinking, and making. | I5: Use the Memo to pick the subdomain with the lowest score and sharpen that one area without disrupting the rest.
G6: The Collector | H6: You capture and notice more than most. The raw material is there. The gap is what happens after capture — shaping ideas and making things tends to trail what you've gathered. | I6: Move one captured idea all the way through Idea and Creation this month. Not several — one. Prove the pipeline works end to end.
G7: The Thinker | H7: You develop and pressure-test ideas further than most people will. The thinking is strong. The gap is what feeds the thinking (capture) and what happens after it (making). | I7: Pick a current idea and set a hard build date. Stop refining the thinking and start exposing the idea to the real work of making it.
A8: Stage scores | G8: The Builder | H8: You make things. You finish and release where others stall. The risk is that you're building on thin material — not enough capture feeding in, not enough testing of whether the idea is right before you commit. | I8: Before the next build, spend a week in Download and Idea only. Capture widely. Pressure-test the next idea properly. Your building skill deserves better input.
A9: Stage | B9: Score (0–100) | C9: Shape | D9: Strongest subdomain | E9: Weakest subdomain | G9: Stuck Upstream | H9: Your capture and thinking are working. Your making is not. Ideas stay ideas. This is the most common maker pattern and also the most fixable — the gap is almost always about first-step-size, not ability. | I9: Pick the smallest possible first version of one idea and release it this week. The goal is to move through Creation once, badly, rather than think your way to a perfect version.
A10: Download | B10: =Scoring!C22 | C10: Diverge → Converge | D10: {=IF(COUNT(Scoring!G6:G9)=4,INDEX(Scoring!B6:B9,MATCH(MAX(Scoring!G6:G9),Scoring!G6:G9,0)),"")} | E10: {=IF(COUNT(Scoring!G6:G9)=4,INDEX(Scoring!B6:B9,MATCH(MIN(Scoring!G6:G9),Scoring!G6:G9,0)),"")} | G10: Stuck Midstream | H10: You capture and you build — but the middle is skipped. This often produces work that starts well and then stops making sense, because the thinking wasn't done before the making began. | I10: Before your next build, write a concept note that answers three questions: what is this, who is it for, and what's the real problem underneath it. Then check whether the build still makes sense.
A11: Idea | B11: =Scoring!C23 | C11: Diverge → Converge | D11: {=IF(COUNT(Scoring!G10:G13)=4,INDEX(Scoring!B10:B13,MATCH(MAX(Scoring!G10:G13),Scoring!G10:G13,0)),"")} | E11: {=IF(COUNT(Scoring!G10:G13)=4,INDEX(Scoring!B10:B13,MATCH(MIN(Scoring!G10:G13),Scoring!G10:G13,0)),"")} | G11: Rushed Maker | H11: You think and you make. What you're missing is raw material. When Download is low, every new idea has to come from somewhere else — usually your own head, under pressure. | I11: Set up one capture channel this week and use it for fifteen days. Don't organise. Don't synthesise. Just catch what you notice. The input will change what you can make.
A12: Creation | B12: =Scoring!C24 | C12: Diverge → Converge | D12: {=IF(COUNT(Scoring!G14:G17)=4,INDEX(Scoring!B14:B17,MATCH(MAX(Scoring!G14:G17),Scoring!G14:G17,0)),"")} | E12: {=IF(COUNT(Scoring!G14:G17)=4,INDEX(Scoring!B14:B17,MATCH(MIN(Scoring!G14:G17),Scoring!G14:G17,0)),"")} | G12: Developing Maker | H12: Your profile is uneven but not sharply — you have real strengths and real gaps, but none dominant enough to name a single pattern. This is a common phase for someone whose practice is actively shifting. | I12: Read the subdomain scores rather than the stage scores. Your actual next move sits at subdomain level, not stage level.
A14: What your pattern means
A15: Meaning | B15: =IFERROR(VLOOKUP(C5,G5:I12,2,FALSE()),"")
A16: Best next move | B16: =IFERROR(VLOOKUP(C5,G5:I12,3,FALSE()),"")
A19: Where to go next in hideaway.
A20: Resources prioritised by your weakest stage and any subdomain scoring below 50.
A22: Stage | B22: Subdomain | C22: Score | D22: Priority | E22: Suggested resource type
A23: Download | B23: Capture habit | C23: =IF(Scoring!G6="","",Scoring!G6) | D23: =IF(C23="","",IF(C23<50,"High",IF(C23<70,"Medium","Low"))) | E23: Reflection or reframe (Motivation)
A24: Download | B24: Pattern awareness | C24: =IF(Scoring!G7="","",Scoring!G7) | D24: =IF(C24="","",IF(C24<50,"High",IF(C24<70,"Medium","Low"))) | E24: Reflection or reframe (Motivation)
A25: Download | B25: Organisation | C25: =IF(Scoring!G8="","",Scoring!G8) | D25: =IF(C25="","",IF(C25<50,"High",IF(C25<70,"Medium","Low"))) | E25: Reflection or reframe (Motivation)
A26: Download | B26: Selection | C26: =IF(Scoring!G9="","",Scoring!G9) | D26: =IF(C26="","",IF(C26<50,"High",IF(C26<70,"Medium","Low"))) | E26: Template, prompt pack, or tool (Opportunity)
A27: Idea | B27: Concept formation | C27: =IF(Scoring!G10="","",Scoring!G10) | D27: =IF(C27="","",IF(C27<50,"High",IF(C27<70,"Medium","Low"))) | E27: How-to guide or framework (Capability)
A28: Idea | B28: Pressure testing | C28: =IF(Scoring!G11="","",Scoring!G11) | D28: =IF(C28="","",IF(C28<50,"High",IF(C28<70,"Medium","Low"))) | E28: Template, prompt pack, or tool (Opportunity)
A29: Idea | B29: Purpose clarity | C29: =IF(Scoring!G12="","",Scoring!G12) | D29: =IF(C29="","",IF(C29<50,"High",IF(C29<70,"Medium","Low"))) | E29: Reflection or reframe (Motivation)
A30: Idea | B30: Decision making | C30: =IF(Scoring!G13="","",Scoring!G13) | D30: =IF(C30="","",IF(C30<50,"High",IF(C30<70,"Medium","Low"))) | E30: How-to guide or framework (Capability)
A31: Creation | B31: Translation into action | C31: =IF(Scoring!G14="","",Scoring!G14) | D31: =IF(C31="","",IF(C31<50,"High",IF(C31<70,"Medium","Low"))) | E31: Reflection or reframe (Motivation)
A32: Creation | B32: Tool fluency | C32: =IF(Scoring!G15="","",Scoring!G15) | D32: =IF(C32="","",IF(C32<50,"High",IF(C32<70,"Medium","Low"))) | E32: Reflection or reframe (Motivation)
A33: Creation | B33: Completion and release | C33: =IF(Scoring!G16="","",Scoring!G16) | D33: =IF(C33="","",IF(C33<50,"High",IF(C33<70,"Medium","Low"))) | E33: Reflection or reframe (Motivation)
A34: Creation | B34: Iteration | C34: =IF(Scoring!G17="","",Scoring!G17) | D34: =IF(C34="","",IF(C34<50,"High",IF(C34<70,"Medium","Low"))) | E34: Reflection or reframe (Motivation)
A37: Retake
A38: Retake this in 3–6 months. Compare subdomain scores, not just the overall number. Real change shows up at subdomain level first.
